RecordID,MonthEnd,Department,Headcount,Hires,Terminations,AttritionRate
"HC-1","2018-01-30","Sales","1","1","0","0.0000"
"HC-2","2018-01-30","Marketing","1","1","0","0.0000"
"HC-3","2018-01-30","Production","2","2","0","0.0000"
"HC-4","2018-01-30","Human Resources","2","2","0","0.0000"
"HC-5","2018-01-30","Finance","1","1","0","0.0000"
"HC-6","2018-01-30","IT Support","4","4","0","0.0000"
"HC-7","2018-01-30","Quality Control","3","3","0","0.0000"
"HC-8","2018-01-30","Logistics","2","2","0","0.0000"
"HC-9","2018-01-30","Research & Development","6","6","0","0.0000"
"HC-10","2018-02-27","Sales","3","2","0","0.0000"
"HC-11","2018-02-27","Marketing","3","2","0","0.0000"
"HC-12","2018-02-27","Production","4","2","0","0.0000"
"HC-13","2018-02-27","Human Resources","4","2","0","0.0000"
"HC-14","2018-02-27","Finance","2","1","0","0.0000"
"HC-15","2018-02-27","IT Support","5","1","0","0.0000"
"HC-16","2018-02-27","Quality Control","6","3","0","0.0000"
"HC-17","2018-02-27","Logistics","3","1","0","0.0000"
"HC-18","2018-02-27","Research & Development","8","2","0","0.0000"
"HC-19","2018-03-30","Sales","6","3","0","0.0000"
"HC-20","2018-03-30","Marketing","6","3","0","0.0000"
"HC-21","2018-03-30","Production","5","1","0","0.0000"
"HC-22","2018-03-30","Human Resources","6","2","0","0.0000"
"HC-23","2018-03-30","Finance","9","7","0","0.0000"
"HC-24","2018-03-30","IT Support","8","3","0","0.0000"
"HC-25","2018-03-30","Quality Control","8","3","0","0.0000"
"HC-26","2018-03-30","Logistics","4","1","0","0.0000"
"HC-27","2018-03-30","Research & Development","11","3","0","0.0000"
"HC-28","2018-04-29","Sales","11","5","0","0.0000"
"HC-29","2018-04-29","Marketing","7","1","0","0.0000"
"HC-30","2018-04-29","Production","5","0","0","0.0000"
"HC-31","2018-04-29","Human Resources","7","1","0","0.0000"
"HC-32","2018-04-29","Finance","11","2","0","0.0000"
"HC-33","2018-04-29","IT Support","11","3","0","0.0000"
"HC-34","2018-04-29","Quality Control","10","1","0","0.0000"
"HC-35","2018-04-29","Logistics","7","3","0","0.0000"
"HC-36","2018-04-29","Research & Development","12","1","0","0.0000"
"HC-37","2018-05-30","Sales","14","3","0","0.0000"
"HC-38","2018-05-30","Marketing","9","2","0","0.0000"
"HC-39","2018-05-30","Production","8","3","0","0.0000"
"HC-40","2018-05-30","Human Resources","10","3","0","0.0000"
"HC-41","2018-05-30","Finance","15","4","0","0.0000"
"HC-42","2018-05-30","IT Support","13","2","0","0.0000"
"HC-43","2018-05-30","Quality Control","11","1","0","0.0000"
"HC-44","2018-05-30","Logistics","9","2","0","0.0000"
"HC-45","2018-05-30","Research & Development","15","3","0","0.0000"
"HC-46","2018-06-29","Sales","14","0","0","0.0000"
"HC-47","2018-06-29","Marketing","11","2","0","0.0000"
"HC-48","2018-06-29","Production","8","0","0","0.0000"
"HC-49","2018-06-29","Human Resources","15","5","0","0.0000"
"HC-50","2018-06-29","Finance","18","3","0","0.0000"
"HC-51","2018-06-29","IT Support","14","1","0","0.0000"
"HC-52","2018-06-29","Quality Control","13","2","0","0.0000"
"HC-53","2018-06-29","Logistics","11","2","0","0.0000"
"HC-54","2018-06-29","Research & Development","15","0","0","0.0000"
"HC-55","2018-07-30","Sales","17","3","0","0.0000"
"HC-56","2018-07-30","Marketing","12","1","0","0.0000"
"HC-57","2018-07-30","Production","9","1","0","0.0000"
"HC-58","2018-07-30","Human Resources","17","2","0","0.0000"
"HC-59","2018-07-30","Finance","20","2","0","0.0000"
"HC-60","2018-07-30","IT Support","15","1","0","0.0000"
"HC-61","2018-07-30","Quality Control","17","5","0","0.0000"
"HC-62","2018-07-30","Logistics","13","2","0","0.0000"
"HC-63","2018-07-30","Research & Development","19","5","0","0.0000"
"HC-64","2018-08-30","Sales","20","3","0","0.0000"
"HC-65","2018-08-30","Marketing","13","1","0","0.0000"
"HC-66","2018-08-30","Production","14","5","0","0.0000"
"HC-67","2018-08-30","Human Resources","19","2","0","0.0000"
"HC-68","2018-08-30","Finance","21","1","0","0.0000"
"HC-69","2018-08-30","IT Support","15","0","0","0.0000"
"HC-70","2018-08-30","Quality Control","21","3","0","0.0000"
"HC-71","2018-08-30","Logistics","16","3","0","0.0000"
"HC-72","2018-08-30","Research & Development","22","2","0","0.0000"
"HC-73","2018-09-29","Sales","23","3","0","0.0000"
"HC-74","2018-09-29","Marketing","13","0","0","0.0000"
"HC-75","2018-09-29","Production","17","3","0","0.0000"
"HC-76","2018-09-29","Human Resources","20","1","0","0.0000"
"HC-77","2018-09-29","Finance","21","0","0","0.0000"
"HC-78","2018-09-29","IT Support","19","4","0","0.0000"
"HC-79","2018-09-29","Quality Control","22","1","0","0.0000"
"HC-80","2018-09-29","Logistics","17","1","0","0.0000"
"HC-81","2018-09-29","Research & Development","23","1","0","0.0000"
"HC-82","2018-10-30","Sales","23","1","0","0.0000"
"HC-83","2018-10-30","Marketing","16","3","0","0.0000"
"HC-84","2018-10-30","Production","17","1","0","0.0000"
"HC-85","2018-10-30","Human Resources","24","4","0","0.0000"
"HC-86","2018-10-30","Finance","24","3","0","0.0000"
"HC-87","2018-10-30","IT Support","24","5","0","0.0000"
"HC-88","2018-10-30","Quality Control","21","0","1","0.0476"
"HC-89","2018-10-30","Logistics","18","1","0","0.0000"
"HC-90","2018-10-30","Research & Development","28","5","0","0.0000"
"HC-91","2018-11-29","Sales","26","2","0","0.0000"
"HC-92","2018-11-29","Marketing","19","3","0","0.0000"
"HC-93","2018-11-29","Production","19","1","0","0.0000"
"HC-94","2018-11-29","Human Resources","27","3","0","0.0000"
"HC-95","2018-11-29","Finance","26","2","0","0.0000"
"HC-96","2018-11-29","IT Support","25","2","0","0.0000"
"HC-97","2018-11-29","Quality Control","24","3","0","0.0000"
"HC-98","2018-11-29","Logistics","19","1","0","0.0000"
"HC-99","2018-11-29","Research & Development","31","3","0","0.0000"
"HC-100","2018-12-30","Sales","28","2","0","0.0000"
"HC-101","2018-12-30","Marketing","21","2","0","0.0000"
"HC-102","2018-12-30","Production","20","1","0","0.0000"
"HC-103","2018-12-30","Human Resources","28","1","0","0.0000"
"HC-104","2018-12-30","Finance","27","3","1","0.0370"
"HC-105","2018-12-30","IT Support","31","5","0","0.0000"
"HC-106","2018-12-30","Quality Control","28","4","0","0.0000"
"HC-107","2018-12-30","Logistics","20","1","0","0.0000"
"HC-108","2018-12-30","Research & Development","31","0","0","0.0000"
"HC-109","2019-01-30","Sales","31","3","0","0.0000"
"HC-110","2019-01-30","Marketing","23","2","0","0.0000"
"HC-111","2019-01-30","Production","22","2","0","0.0000"
"HC-112","2019-01-30","Human Resources","31","3","0","0.0000"
"HC-113","2019-01-30","Finance","32","4","0","0.0000"
"HC-114","2019-01-30","IT Support","35","4","0","0.0000"
"HC-115","2019-01-30","Quality Control","31","3","0","0.0000"
"HC-116","2019-01-30","Logistics","21","2","0","0.0000"
"HC-117","2019-01-30","Research & Development","34","4","0","0.0000"
"HC-118","2019-02-27","Sales","34","4","0","0.0000"
"HC-119","2019-02-27","Marketing","24","1","0","0.0000"
"HC-120","2019-02-27","Production","23","1","0","0.0000"
"HC-121","2019-02-27","Human Resources","33","2","0","0.0000"
"HC-122","2019-02-27","Finance","34","2","0","0.0000"
"HC-123","2019-02-27","IT Support","38","3","0","0.0000"
"HC-124","2019-02-27","Quality Control","34","3","0","0.0000"
"HC-125","2019-02-27","Logistics","22","0","0","0.0000"
"HC-126","2019-02-27","Research & Development","37","2","0","0.0000"
"HC-127","2019-03-30","Sales","37","2","0","0.0000"
"HC-128","2019-03-30","Marketing","27","3","0","0.0000"
"HC-129","2019-03-30","Production","26","3","0","0.0000"
"HC-130","2019-03-30","Human Resources","37","4","0","0.0000"
"HC-131","2019-03-30","Finance","34","0","0","0.0000"
"HC-132","2019-03-30","IT Support","38","1","1","0.0263"
"HC-133","2019-03-30","Quality Control","36","2","0","0.0000"
"HC-134","2019-03-30","Logistics","27","5","0","0.0000"
"HC-135","2019-03-30","Research & Development","40","3","0","0.0000"
"HC-136","2019-04-29","Sales","41","4","0","0.0000"
"HC-137","2019-04-29","Marketing","31","4","0","0.0000"
"HC-138","2019-04-29","Production","29","3","0","0.0000"
"HC-139","2019-04-29","Human Resources","39","3","0","0.0000"
"HC-140","2019-04-29","Finance","36","2","0","0.0000"
"HC-141","2019-04-29","IT Support","42","4","0","0.0000"
"HC-142","2019-04-29","Quality Control","41","5","0","0.0000"
"HC-143","2019-04-29","Logistics","28","1","0","0.0000"
"HC-144","2019-04-29","Research & Development","42","2","0","0.0000"
"HC-145","2019-05-30","Sales","43","2","0","0.0000"
"HC-146","2019-05-30","Marketing","35","4","0","0.0000"
"HC-147","2019-05-30","Production","29","0","0","0.0000"
"HC-148","2019-05-30","Human Resources","42","3","1","0.0238"
"HC-149","2019-05-30","Finance","39","3","0","0.0000"
"HC-150","2019-05-30","IT Support","42","0","0","0.0000"
"HC-151","2019-05-30","Quality Control","43","2","0","0.0000"
"HC-152","2019-05-30","Logistics","30","2","0","0.0000"
"HC-153","2019-05-30","Research & Development","44","2","0","0.0000"
"HC-154","2019-06-29","Sales","47","4","0","0.0000"
"HC-155","2019-06-29","Marketing","39","4","0","0.0000"
"HC-156","2019-06-29","Production","31","2","0","0.0000"
"HC-157","2019-06-29","Human Resources","43","1","0","0.0000"
"HC-158","2019-06-29","Finance","39","1","1","0.0256"
"HC-159","2019-06-29","IT Support","45","3","0","0.0000"
"HC-160","2019-06-29","Quality Control","46","3","0","0.0000"
"HC-161","2019-06-29","Logistics","34","4","0","0.0000"
"HC-162","2019-06-29","Research & Development","45","2","0","0.0000"
"HC-163","2019-07-30","Sales","49","2","0","0.0000"
"HC-164","2019-07-30","Marketing","40","1","0","0.0000"
"HC-165","2019-07-30","Production","33","2","0","0.0000"
"HC-166","2019-07-30","Human Resources","43","0","0","0.0000"
"HC-167","2019-07-30","Finance","43","4","0","0.0000"
"HC-168","2019-07-30","IT Support","47","2","0","0.0000"
"HC-169","2019-07-30","Quality Control","50","4","0","0.0000"
"HC-170","2019-07-30","Logistics","36","2","0","0.0000"
"HC-171","2019-07-30","Research & Development","48","2","0","0.0000"
"HC-172","2019-08-30","Sales","50","1","0","0.0000"
"HC-173","2019-08-30","Marketing","42","2","0","0.0000"
"HC-174","2019-08-30","Production","36","3","0","0.0000"
"HC-175","2019-08-30","Human Resources","44","1","0","0.0000"
"HC-176","2019-08-30","Finance","45","2","0","0.0000"
"HC-177","2019-08-30","IT Support","50","3","0","0.0000"
"HC-178","2019-08-30","Quality Control","51","1","0","0.0000"
"HC-179","2019-08-30","Logistics","38","2","0","0.0000"
"HC-180","2019-08-30","Research & Development","49","1","0","0.0000"
"HC-181","2019-09-29","Sales","52","2","0","0.0000"
"HC-182","2019-09-29","Marketing","44","2","0","0.0000"
"HC-183","2019-09-29","Production","39","3","0","0.0000"
"HC-184","2019-09-29","Human Resources","44","0","0","0.0000"
"HC-185","2019-09-29","Finance","48","3","0","0.0000"
"HC-186","2019-09-29","IT Support","50","0","0","0.0000"
"HC-187","2019-09-29","Quality Control","54","3","0","0.0000"
"HC-188","2019-09-29","Logistics","38","1","1","0.0263"
"HC-189","2019-09-29","Research & Development","53","4","0","0.0000"
"HC-190","2019-10-30","Sales","57","5","0","0.0000"
"HC-191","2019-10-30","Marketing","46","2","0","0.0000"
"HC-192","2019-10-30","Production","41","2","0","0.0000"
"HC-193","2019-10-30","Human Resources","46","2","0","0.0000"
"HC-194","2019-10-30","Finance","51","3","0","0.0000"
"HC-195","2019-10-30","IT Support","51","1","0","0.0000"
"HC-196","2019-10-30","Quality Control","54","0","0","0.0000"
"HC-197","2019-10-30","Logistics","42","5","1","0.0238"
"HC-198","2019-10-30","Research & Development","55","2","0","0.0000"
"HC-199","2019-11-29","Sales","58","1","0","0.0000"
"HC-200","2019-11-29","Marketing","47","1","0","0.0000"
"HC-201","2019-11-29","Production","45","4","0","0.0000"
"HC-202","2019-11-29","Human Resources","50","4","0","0.0000"
"HC-203","2019-11-29","Finance","52","1","0","0.0000"
"HC-204","2019-11-29","IT Support","53","2","0","0.0000"
"HC-205","2019-11-29","Quality Control","59","5","0","0.0000"
"HC-206","2019-11-29","Logistics","45","3","0","0.0000"
"HC-207","2019-11-29","Research & Development","56","1","0","0.0000"
"HC-208","2019-12-30","Sales","58","1","1","0.0172"
"HC-209","2019-12-30","Marketing","50","3","0","0.0000"
"HC-210","2019-12-30","Production","50","5","0","0.0000"
"HC-211","2019-12-30","Human Resources","51","1","0","0.0000"
"HC-212","2019-12-30","Finance","55","4","0","0.0000"
"HC-213","2019-12-30","IT Support","57","4","0","0.0000"
"HC-214","2019-12-30","Quality Control","61","2","0","0.0000"
"HC-215","2019-12-30","Logistics","46","1","0","0.0000"
"HC-216","2019-12-30","Research & Development","61","5","0","0.0000"
"HC-217","2020-01-30","Sales","59","2","1","0.0169"
"HC-218","2020-01-30","Marketing","56","7","1","0.0179"
"HC-219","2020-01-30","Production","52","2","0","0.0000"
"HC-220","2020-01-30","Human Resources","54","3","0","0.0000"
"HC-221","2020-01-30","Finance","58","2","0","0.0000"
"HC-222","2020-01-30","IT Support","59","2","0","0.0000"
"HC-223","2020-01-30","Quality Control","63","2","0","0.0000"
"HC-224","2020-01-30","Logistics","49","3","0","0.0000"
"HC-225","2020-01-30","Research & Development","64","4","1","0.0156"
"HC-226","2020-02-28","Sales","61","2","0","0.0000"
"HC-227","2020-02-28","Marketing","57","1","0","0.0000"
"HC-228","2020-02-28","Production","53","2","1","0.0189"
"HC-229","2020-02-28","Human Resources","59","6","1","0.0169"
"HC-230","2020-02-28","Finance","59","1","0","0.0000"
"HC-231","2020-02-28","IT Support","62","3","0","0.0000"
"HC-232","2020-02-28","Quality Control","64","1","0","0.0000"
"HC-233","2020-02-28","Logistics","53","4","0","0.0000"
"HC-234","2020-02-28","Research & Development","68","4","0","0.0000"
"HC-235","2020-03-30","Sales","63","2","0","0.0000"
"HC-236","2020-03-30","Marketing","60","3","0","0.0000"
"HC-237","2020-03-30","Production","55","2","0","0.0000"
"HC-238","2020-03-30","Human Resources","60","1","0","0.0000"
"HC-239","2020-03-30","Finance","59","0","0","0.0000"
"HC-240","2020-03-30","IT Support","65","3","0","0.0000"
"HC-241","2020-03-30","Quality Control","65","1","0","0.0000"
"HC-242","2020-03-30","Logistics","55","2","0","0.0000"
"HC-243","2020-03-30","Research & Development","67","0","1","0.0149"
"HC-244","2020-04-29","Sales","64","2","1","0.0156"
"HC-245","2020-04-29","Marketing","65","5","0","0.0000"
"HC-246","2020-04-29","Production","57","2","0","0.0000"
"HC-247","2020-04-29","Human Resources","62","2","0","0.0000"
"HC-248","2020-04-29","Finance","61","2","0","0.0000"
"HC-249","2020-04-29","IT Support","68","3","0","0.0000"
"HC-250","2020-04-29","Quality Control","67","3","0","0.0000"
"HC-251","2020-04-29","Logistics","60","5","0","0.0000"
"HC-252","2020-04-29","Research & Development","67","2","1","0.0149"
"HC-253","2020-05-30","Sales","63","0","1","0.0159"
"HC-254","2020-05-30","Marketing","69","4","0","0.0000"
"HC-255","2020-05-30","Production","59","2","0","0.0000"
"HC-256","2020-05-30","Human Resources","69","8","1","0.0145"
"HC-257","2020-05-30","Finance","61","2","2","0.0328"
"HC-258","2020-05-30","IT Support","70","2","0","0.0000"
"HC-259","2020-05-30","Quality Control","75","7","0","0.0000"
"HC-260","2020-05-30","Logistics","61","1","0","0.0000"
"HC-261","2020-05-30","Research & Development","70","2","0","0.0000"
"HC-262","2020-06-29","Sales","63","1","1","0.0159"
"HC-263","2020-06-29","Marketing","74","5","0","0.0000"
"HC-264","2020-06-29","Production","59","1","1","0.0169"
"HC-265","2020-06-29","Human Resources","71","3","1","0.0141"
"HC-266","2020-06-29","Finance","66","5","0","0.0000"
"HC-267","2020-06-29","IT Support","74","4","0","0.0000"
"HC-268","2020-06-29","Quality Control","75","0","0","0.0000"
"HC-269","2020-06-29","Logistics","63","2","0","0.0000"
"HC-270","2020-06-29","Research & Development","70","0","0","0.0000"
"HC-271","2020-07-30","Sales","64","1","0","0.0000"
"HC-272","2020-07-30","Marketing","75","1","0","0.0000"
"HC-273","2020-07-30","Production","62","3","0","0.0000"
"HC-274","2020-07-30","Human Resources","71","0","0","0.0000"
"HC-275","2020-07-30","Finance","67","2","1","0.0149"
"HC-276","2020-07-30","IT Support","76","2","0","0.0000"
"HC-277","2020-07-30","Quality Control","76","1","0","0.0000"
"HC-278","2020-07-30","Logistics","66","3","0","0.0000"
"HC-279","2020-07-30","Research & Development","75","5","0","0.0000"
"HC-280","2020-08-30","Sales","66","3","1","0.0152"
"HC-281","2020-08-30","Marketing","77","2","0","0.0000"
"HC-282","2020-08-30","Production","65","3","0","0.0000"
"HC-283","2020-08-30","Human Resources","72","2","1","0.0139"
"HC-284","2020-08-30","Finance","68","1","0","0.0000"
"HC-285","2020-08-30","IT Support","76","0","0","0.0000"
"HC-286","2020-08-30","Quality Control","78","2","0","0.0000"
"HC-287","2020-08-30","Logistics","69","3","0","0.0000"
"HC-288","2020-08-30","Research & Development","77","2","0","0.0000"
"HC-289","2020-09-29","Sales","67","1","0","0.0000"
"HC-290","2020-09-29","Marketing","77","0","0","0.0000"
"HC-291","2020-09-29","Production","67","2","0","0.0000"
"HC-292","2020-09-29","Human Resources","74","2","0","0.0000"
"HC-293","2020-09-29","Finance","72","4","0","0.0000"
"HC-294","2020-09-29","IT Support","81","5","0","0.0000"
"HC-295","2020-09-29","Quality Control","82","4","0","0.0000"
"HC-296","2020-09-29","Logistics","72","3","0","0.0000"
"HC-297","2020-09-29","Research & Development","79","2","0","0.0000"
"HC-298","2020-10-30","Sales","66","0","1","0.0152"
"HC-299","2020-10-30","Marketing","80","4","1","0.0125"
"HC-300","2020-10-30","Production","70","3","0","0.0000"
"HC-301","2020-10-30","Human Resources","75","2","1","0.0133"
"HC-302","2020-10-30","Finance","76","4","0","0.0000"
"HC-303","2020-10-30","IT Support","83","2","0","0.0000"
"HC-304","2020-10-30","Quality Control","84","2","0","0.0000"
"HC-305","2020-10-30","Logistics","74","2","0","0.0000"
"HC-306","2020-10-30","Research & Development","83","4","0","0.0000"
"HC-307","2020-11-29","Sales","68","2","0","0.0000"
"HC-308","2020-11-29","Marketing","82","2","0","0.0000"
"HC-309","2020-11-29","Production","72","3","0","0.0000"
"HC-310","2020-11-29","Human Resources","76","1","0","0.0000"
"HC-311","2020-11-29","Finance","76","0","0","0.0000"
"HC-312","2020-11-29","IT Support","86","3","0","0.0000"
"HC-313","2020-11-29","Quality Control","87","3","0","0.0000"
"HC-314","2020-11-29","Logistics","78","4","0","0.0000"
"HC-315","2020-11-29","Research & Development","87","4","0","0.0000"
"HC-316","2020-12-30","Sales","69","2","1","0.0145"
"HC-317","2020-12-30","Marketing","86","5","1","0.0116"
"HC-318","2020-12-30","Production","76","3","0","0.0000"
"HC-319","2020-12-30","Human Resources","81","5","0","0.0000"
"HC-320","2020-12-30","Finance","76","1","1","0.0132"
"HC-321","2020-12-30","IT Support","90","4","1","0.0111"
"HC-322","2020-12-30","Quality Control","90","4","0","0.0000"
"HC-323","2020-12-30","Logistics","78","0","0","0.0000"
"HC-324","2020-12-30","Research & Development","89","2","0","0.0000"
"HC-325","2021-01-30","Sales","71","2","0","0.0000"
"HC-326","2021-01-30","Marketing","93","7","0","0.0000"
"HC-327","2021-01-30","Production","78","2","0","0.0000"
"HC-328","2021-01-30","Human Resources","82","1","0","0.0000"
"HC-329","2021-01-30","Finance","80","4","0","0.0000"
"HC-330","2021-01-30","IT Support","89","0","0","0.0000"
"HC-331","2021-01-30","Quality Control","92","1","0","0.0000"
"HC-332","2021-01-30","Logistics","83","5","0","0.0000"
"HC-333","2021-01-30","Research & Development","93","4","0","0.0000"
"HC-334","2021-02-27","Sales","77","6","0","0.0000"
"HC-335","2021-02-27","Marketing","97","4","0","0.0000"
"HC-336","2021-02-27","Production","78","0","0","0.0000"
"HC-337","2021-02-27","Human Resources","86","4","0","0.0000"
"HC-338","2021-02-27","Finance","82","2","0","0.0000"
"HC-339","2021-02-27","IT Support","92","3","0","0.0000"
"HC-340","2021-02-27","Quality Control","94","2","0","0.0000"
"HC-341","2021-02-27","Logistics","86","3","0","0.0000"
"HC-342","2021-02-27","Research & Development","95","2","0","0.0000"
"HC-343","2021-03-30","Sales","79","2","0","0.0000"
"HC-344","2021-03-30","Marketing","102","5","0","0.0000"
"HC-345","2021-03-30","Production","81","3","0","0.0000"
"HC-346","2021-03-30","Human Resources","90","4","0","0.0000"
"HC-347","2021-03-30","Finance","83","1","0","0.0000"
"HC-348","2021-03-30","IT Support","94","2","0","0.0000"
"HC-349","2021-03-30","Quality Control","99","5","0","0.0000"
"HC-350","2021-03-30","Logistics","92","6","0","0.0000"
"HC-351","2021-03-30","Research & Development","97","2","0","0.0000"
"HC-352","2021-04-29","Sales","80","1","0","0.0000"
"HC-353","2021-04-29","Marketing","105","3","0","0.0000"
"HC-354","2021-04-29","Production","83","3","1","0.0120"
"HC-355","2021-04-29","Human Resources","92","3","1","0.0109"
"HC-356","2021-04-29","Finance","84","1","0","0.0000"
"HC-357","2021-04-29","IT Support","94","0","0","0.0000"
"HC-358","2021-04-29","Quality Control","102","4","0","0.0000"
"HC-359","2021-04-29","Logistics","98","6","0","0.0000"
"HC-360","2021-04-29","Research & Development","98","1","0","0.0000"
"HC-361","2021-05-30","Sales","82","2","0","0.0000"
"HC-362","2021-05-30","Marketing","106","1","0","0.0000"
"HC-363","2021-05-30","Production","82","0","1","0.0122"
"HC-364","2021-05-30","Human Resources","95","5","2","0.0211"
"HC-365","2021-05-30","Finance","86","2","0","0.0000"
"HC-366","2021-05-30","IT Support","95","3","1","0.0105"
"HC-367","2021-05-30","Quality Control","103","0","0","0.0000"
"HC-368","2021-05-30","Logistics","101","3","0","0.0000"
"HC-369","2021-05-30","Research & Development","101","3","0","0.0000"
"HC-370","2021-06-29","Sales","84","2","0","0.0000"
"HC-371","2021-06-29","Marketing","107","1","0","0.0000"
"HC-372","2021-06-29","Production","84","2","0","0.0000"
"HC-373","2021-06-29","Human Resources","96","2","0","0.0000"
"HC-374","2021-06-29","Finance","89","3","0","0.0000"
"HC-375","2021-06-29","IT Support","97","1","0","0.0000"
"HC-376","2021-06-29","Quality Control","103","0","0","0.0000"
"HC-377","2021-06-29","Logistics","102","1","0","0.0000"
"HC-378","2021-06-29","Research & Development","105","4","0","0.0000"
"HC-379","2021-07-30","Sales","87","4","0","0.0000"
"HC-380","2021-07-30","Marketing","110","3","0","0.0000"
"HC-381","2021-07-30","Production","86","2","0","0.0000"
"HC-382","2021-07-30","Human Resources","100","3","0","0.0000"
"HC-383","2021-07-30","Finance","91","2","0","0.0000"
"HC-384","2021-07-30","IT Support","101","4","0","0.0000"
"HC-385","2021-07-30","Quality Control","108","5","0","0.0000"
"HC-386","2021-07-30","Logistics","103","1","0","0.0000"
"HC-387","2021-07-30","Research & Development","107","2","0","0.0000"
"HC-388","2021-08-30","Sales","90","2","0","0.0000"
"HC-389","2021-08-30","Marketing","110","1","1","0.0091"
"HC-390","2021-08-30","Production","88","3","1","0.0114"
"HC-391","2021-08-30","Human Resources","103","3","0","0.0000"
"HC-392","2021-08-30","Finance","94","3","0","0.0000"
"HC-393","2021-08-30","IT Support","101","0","0","0.0000"
"HC-394","2021-08-30","Quality Control","109","1","0","0.0000"
"HC-395","2021-08-30","Logistics","104","1","0","0.0000"
"HC-396","2021-08-30","Research & Development","110","3","0","0.0000"
"HC-397","2021-09-29","Sales","94","4","0","0.0000"
"HC-398","2021-09-29","Marketing","110","2","2","0.0182"
"HC-399","2021-09-29","Production","90","2","0","0.0000"
"HC-400","2021-09-29","Human Resources","103","1","1","0.0097"
"HC-401","2021-09-29","Finance","96","2","0","0.0000"
"HC-402","2021-09-29","IT Support","102","1","0","0.0000"
"HC-403","2021-09-29","Quality Control","110","1","0","0.0000"
"HC-404","2021-09-29","Logistics","105","2","0","0.0000"
"HC-405","2021-09-29","Research & Development","110","0","0","0.0000"
"HC-406","2021-10-30","Sales","94","0","0","0.0000"
"HC-407","2021-10-30","Marketing","111","1","0","0.0000"
"HC-408","2021-10-30","Production","90","1","1","0.0111"
"HC-409","2021-10-30","Human Resources","107","4","0","0.0000"
"HC-410","2021-10-30","Finance","96","0","0","0.0000"
"HC-411","2021-10-30","IT Support","103","1","0","0.0000"
"HC-412","2021-10-30","Quality Control","113","3","0","0.0000"
"HC-413","2021-10-30","Logistics","108","2","0","0.0000"
"HC-414","2021-10-30","Research & Development","114","4","0","0.0000"
"HC-415","2021-11-29","Sales","94","0","0","0.0000"
"HC-416","2021-11-29","Marketing","114","3","0","0.0000"
"HC-417","2021-11-29","Production","90","0","0","0.0000"
"HC-418","2021-11-29","Human Resources","108","1","0","0.0000"
"HC-419","2021-11-29","Finance","98","3","1","0.0102"
"HC-420","2021-11-29","IT Support","107","5","1","0.0093"
"HC-421","2021-11-29","Quality Control","113","0","0","0.0000"
"HC-422","2021-11-29","Logistics","111","3","0","0.0000"
"HC-423","2021-11-29","Research & Development","119","5","0","0.0000"
"HC-424","2021-12-30","Sales","96","2","0","0.0000"
"HC-425","2021-12-30","Marketing","117","3","0","0.0000"
"HC-426","2021-12-30","Production","94","4","0","0.0000"
"HC-427","2021-12-30","Human Resources","109","1","0","0.0000"
"HC-428","2021-12-30","Finance","100","2","0","0.0000"
"HC-429","2021-12-30","IT Support","110","4","0","0.0000"
"HC-430","2021-12-30","Quality Control","114","1","0","0.0000"
"HC-431","2021-12-30","Logistics","114","4","1","0.0088"
"HC-432","2021-12-30","Research & Development","122","4","1","0.0082"
"HC-433","2022-01-30","Sales","98","2","0","0.0000"
"HC-434","2022-01-30","Marketing","119","3","1","0.0084"
"HC-435","2022-01-30","Production","97","3","0","0.0000"
"HC-436","2022-01-30","Human Resources","112","4","0","0.0000"
"HC-437","2022-01-30","Finance","102","2","0","0.0000"
"HC-438","2022-01-30","IT Support","113","2","0","0.0000"
"HC-439","2022-01-30","Quality Control","116","2","0","0.0000"
"HC-440","2022-01-30","Logistics","115","2","1","0.0087"
"HC-441","2022-01-30","Research & Development","125","5","2","0.0160"
"HC-442","2022-02-27","Sales","100","2","0","0.0000"
"HC-443","2022-02-27","Marketing","119","1","1","0.0084"
"HC-444","2022-02-27","Production","96","0","1","0.0104"
"HC-445","2022-02-27","Human Resources","115","3","1","0.0087"
"HC-446","2022-02-27","Finance","102","1","1","0.0098"
"HC-447","2022-02-27","IT Support","114","2","1","0.0088"
"HC-448","2022-02-27","Quality Control","118","2","0","0.0000"
"HC-449","2022-02-27","Logistics","115","0","0","0.0000"
"HC-450","2022-02-27","Research & Development","126","2","1","0.0079"
"HC-451","2022-03-30","Sales","99","0","1","0.0101"
"HC-452","2022-03-30","Marketing","119","0","0","0.0000"
"HC-453","2022-03-30","Production","99","3","0","0.0000"
"HC-454","2022-03-30","Human Resources","119","4","0","0.0000"
"HC-455","2022-03-30","Finance","106","4","0","0.0000"
"HC-456","2022-03-30","IT Support","118","5","1","0.0085"
"HC-457","2022-03-30","Quality Control","119","2","0","0.0000"
"HC-458","2022-03-30","Logistics","118","3","0","0.0000"
"HC-459","2022-03-30","Research & Development","128","2","0","0.0000"
"HC-460","2022-04-29","Sales","101","2","0","0.0000"
"HC-461","2022-04-29","Marketing","120","2","1","0.0083"
"HC-462","2022-04-29","Production","101","3","1","0.0099"
"HC-463","2022-04-29","Human Resources","121","3","1","0.0083"
"HC-464","2022-04-29","Finance","108","3","1","0.0093"
"HC-465","2022-04-29","IT Support","120","2","0","0.0000"
"HC-466","2022-04-29","Quality Control","122","2","0","0.0000"
"HC-467","2022-04-29","Logistics","118","0","0","0.0000"
"HC-468","2022-04-29","Research & Development","131","3","0","0.0000"
"HC-469","2022-05-30","Sales","103","2","0","0.0000"
"HC-470","2022-05-30","Marketing","119","1","2","0.0168"
"HC-471","2022-05-30","Production","106","5","0","0.0000"
"HC-472","2022-05-30","Human Resources","121","0","0","0.0000"
"HC-473","2022-05-30","Finance","110","2","0","0.0000"
"HC-474","2022-05-30","IT Support","122","2","0","0.0000"
"HC-475","2022-05-30","Quality Control","124","2","0","0.0000"
"HC-476","2022-05-30","Logistics","121","3","0","0.0000"
"HC-477","2022-05-30","Research & Development","134","3","0","0.0000"
"HC-478","2022-06-29","Sales","104","1","0","0.0000"
"HC-479","2022-06-29","Marketing","121","2","0","0.0000"
"HC-480","2022-06-29","Production","107","2","1","0.0093"
"HC-481","2022-06-29","Human Resources","124","4","1","0.0081"
"HC-482","2022-06-29","Finance","113","3","0","0.0000"
"HC-483","2022-06-29","IT Support","121","0","1","0.0083"
"HC-484","2022-06-29","Quality Control","128","4","0","0.0000"
"HC-485","2022-06-29","Logistics","123","2","0","0.0000"
"HC-486","2022-06-29","Research & Development","137","3","0","0.0000"
"HC-487","2022-07-30","Sales","104","1","1","0.0096"
"HC-488","2022-07-30","Marketing","123","3","0","0.0000"
"HC-489","2022-07-30","Production","110","3","0","0.0000"
"HC-490","2022-07-30","Human Resources","125","1","0","0.0000"
"HC-491","2022-07-30","Finance","114","1","0","0.0000"
"HC-492","2022-07-30","IT Support","126","5","0","0.0000"
"HC-493","2022-07-30","Quality Control","132","5","1","0.0076"
"HC-494","2022-07-30","Logistics","125","2","0","0.0000"
"HC-495","2022-07-30","Research & Development","140","3","0","0.0000"
"HC-496","2022-08-30","Sales","107","3","0","0.0000"
"HC-497","2022-08-30","Marketing","129","6","1","0.0078"
"HC-498","2022-08-30","Production","115","6","0","0.0000"
"HC-499","2022-08-30","Human Resources","126","3","2","0.0159"
"HC-500","2022-08-30","Finance","114","0","0","0.0000"
"HC-501","2022-08-30","IT Support","128","2","0","0.0000"
"HC-502","2022-08-30","Quality Control","134","3","1","0.0075"
"HC-503","2022-08-30","Logistics","125","0","0","0.0000"
"HC-504","2022-08-30","Research & Development","141","2","1","0.0071"
"HC-505","2022-09-29","Sales","110","3","0","0.0000"
"HC-506","2022-09-29","Marketing","131","3","1","0.0076"
"HC-507","2022-09-29","Production","117","1","0","0.0000"
"HC-508","2022-09-29","Human Resources","128","2","0","0.0000"
"HC-509","2022-09-29","Finance","115","1","0","0.0000"
"HC-510","2022-09-29","IT Support","131","3","0","0.0000"
"HC-511","2022-09-29","Quality Control","136","2","0","0.0000"
"HC-512","2022-09-29","Logistics","125","1","1","0.0080"
"HC-513","2022-09-29","Research & Development","143","4","1","0.0070"
"HC-514","2022-10-30","Sales","112","2","0","0.0000"
"HC-515","2022-10-30","Marketing","130","1","2","0.0154"
"HC-516","2022-10-30","Production","121","4","0","0.0000"
"HC-517","2022-10-30","Human Resources","132","5","1","0.0076"
"HC-518","2022-10-30","Finance","118","5","2","0.0169"
"HC-519","2022-10-30","IT Support","132","1","0","0.0000"
"HC-520","2022-10-30","Quality Control","141","5","0","0.0000"
"HC-521","2022-10-30","Logistics","127","3","1","0.0079"
"HC-522","2022-10-30","Research & Development","144","1","1","0.0069"
"HC-523","2022-11-29","Sales","114","2","0","0.0000"
"HC-524","2022-11-29","Marketing","130","0","0","0.0000"
"HC-525","2022-11-29","Production","124","3","0","0.0000"
"HC-526","2022-11-29","Human Resources","133","1","0","0.0000"
"HC-527","2022-11-29","Finance","119","1","0","0.0000"
"HC-528","2022-11-29","IT Support","134","2","0","0.0000"
"HC-529","2022-11-29","Quality Control","141","2","2","0.0142"
"HC-530","2022-11-29","Logistics","131","5","0","0.0000"
"HC-531","2022-11-29","Research & Development","146","2","0","0.0000"
"HC-532","2022-12-30","Sales","115","1","0","0.0000"
"HC-533","2022-12-30","Marketing","134","4","0","0.0000"
"HC-534","2022-12-30","Production","125","2","1","0.0080"
"HC-535","2022-12-30","Human Resources","136","4","0","0.0000"
"HC-536","2022-12-30","Finance","120","1","0","0.0000"
"HC-537","2022-12-30","IT Support","133","0","1","0.0075"
"HC-538","2022-12-30","Quality Control","149","8","0","0.0000"
"HC-539","2022-12-30","Logistics","134","2","0","0.0000"
"HC-540","2022-12-30","Research & Development","146","0","0","0.0000"
"HC-541","2023-01-30","Sales","117","2","0","0.0000"
"HC-542","2023-01-30","Marketing","135","1","0","0.0000"
"HC-543","2023-01-30","Production","125","2","2","0.0160"
"HC-544","2023-01-30","Human Resources","137","1","1","0.0073"
"HC-545","2023-01-30","Finance","122","2","0","0.0000"
"HC-546","2023-01-30","IT Support","136","3","0","0.0000"
"HC-547","2023-01-30","Quality Control","153","4","0","0.0000"
"HC-548","2023-01-30","Logistics","137","3","0","0.0000"
"HC-549","2023-01-30","Research & Development","147","1","0","0.0000"
"HC-550","2023-02-27","Sales","120","3","0","0.0000"
"HC-551","2023-02-27","Marketing","135","1","1","0.0074"
"HC-552","2023-02-27","Production","128","3","0","0.0000"
"HC-553","2023-02-27","Human Resources","140","3","0","0.0000"
"HC-554","2023-02-27","Finance","121","0","1","0.0083"
"HC-555","2023-02-27","IT Support","137","3","2","0.0146"
"HC-556","2023-02-27","Quality Control","155","3","1","0.0065"
"HC-557","2023-02-27","Logistics","142","5","0","0.0000"
"HC-558","2023-02-27","Research & Development","147","0","0","0.0000"
"HC-559","2023-03-30","Sales","121","1","0","0.0000"
"HC-560","2023-03-30","Marketing","136","2","1","0.0074"
"HC-561","2023-03-30","Production","129","2","0","0.0000"
"HC-562","2023-03-30","Human Resources","141","1","0","0.0000"
"HC-563","2023-03-30","Finance","125","4","0","0.0000"
"HC-564","2023-03-30","IT Support","136","0","1","0.0074"
"HC-565","2023-03-30","Quality Control","158","5","1","0.0063"
"HC-566","2023-03-30","Logistics","147","5","0","0.0000"
"HC-567","2023-03-30","Research & Development","150","3","0","0.0000"
"HC-568","2023-04-29","Sales","124","3","0","0.0000"
"HC-569","2023-04-29","Marketing","138","2","0","0.0000"
"HC-570","2023-04-29","Production","132","2","0","0.0000"
"HC-571","2023-04-29","Human Resources","142","1","0","0.0000"
"HC-572","2023-04-29","Finance","130","5","0","0.0000"
"HC-573","2023-04-29","IT Support","139","3","0","0.0000"
"HC-574","2023-04-29","Quality Control","160","2","1","0.0063"
"HC-575","2023-04-29","Logistics","148","1","0","0.0000"
"HC-576","2023-04-29","Research & Development","150","0","0","0.0000"
"HC-577","2023-05-30","Sales","125","1","0","0.0000"
"HC-578","2023-05-30","Marketing","142","4","0","0.0000"
"HC-579","2023-05-30","Production","136","4","0","0.0000"
"HC-580","2023-05-30","Human Resources","146","7","2","0.0137"
"HC-581","2023-05-30","Finance","132","2","0","0.0000"
"HC-582","2023-05-30","IT Support","140","1","0","0.0000"
"HC-583","2023-05-30","Quality Control","164","4","0","0.0000"
"HC-584","2023-05-30","Logistics","152","4","0","0.0000"
"HC-585","2023-05-30","Research & Development","150","0","0","0.0000"
"HC-586","2023-06-29","Sales","128","3","0","0.0000"
"HC-587","2023-06-29","Marketing","148","6","0","0.0000"
"HC-588","2023-06-29","Production","142","6","0","0.0000"
"HC-589","2023-06-29","Human Resources","145","0","2","0.0138"
"HC-590","2023-06-29","Finance","135","3","0","0.0000"
"HC-591","2023-06-29","IT Support","143","3","0","0.0000"
"HC-592","2023-06-29","Quality Control","162","0","2","0.0123"
"HC-593","2023-06-29","Logistics","151","0","1","0.0066"
"HC-594","2023-06-29","Research & Development","151","3","2","0.0132"
"HC-595","2023-07-30","Sales","132","4","0","0.0000"
"HC-596","2023-07-30","Marketing","150","2","0","0.0000"
"HC-597","2023-07-30","Production","145","5","1","0.0069"
"HC-598","2023-07-30","Human Resources","148","3","0","0.0000"
"HC-599","2023-07-30","Finance","139","4","0","0.0000"
"HC-600","2023-07-30","IT Support","144","1","0","0.0000"
"HC-601","2023-07-30","Quality Control","163","2","1","0.0061"
"HC-602","2023-07-30","Logistics","154","3","0","0.0000"
"HC-603","2023-07-30","Research & Development","152","1","0","0.0000"
"HC-604","2023-08-30","Sales","132","1","1","0.0076"
"HC-605","2023-08-30","Marketing","151","1","0","0.0000"
"HC-606","2023-08-30","Production","148","2","0","0.0000"
"HC-607","2023-08-30","Human Resources","151","3","0","0.0000"
"HC-608","2023-08-30","Finance","143","4","0","0.0000"
"HC-609","2023-08-30","IT Support","148","4","0","0.0000"
"HC-610","2023-08-30","Quality Control","163","1","1","0.0061"
"HC-611","2023-08-30","Logistics","155","1","0","0.0000"
"HC-612","2023-08-30","Research & Development","154","2","0","0.0000"
"HC-613","2023-09-29","Sales","135","4","0","0.0000"
"HC-614","2023-09-29","Marketing","154","3","0","0.0000"
"HC-615","2023-09-29","Production","150","2","0","0.0000"
"HC-616","2023-09-29","Human Resources","155","4","0","0.0000"
"HC-617","2023-09-29","Finance","143","1","1","0.0070"
"HC-618","2023-09-29","IT Support","149","1","1","0.0067"
"HC-619","2023-09-29","Quality Control","163","0","0","0.0000"
"HC-620","2023-09-29","Logistics","160","5","0","0.0000"
"HC-621","2023-09-29","Research & Development","157","4","1","0.0064"
"HC-622","2023-10-30","Sales","140","4","0","0.0000"
"HC-623","2023-10-30","Marketing","155","1","0","0.0000"
"HC-624","2023-10-30","Production","151","2","1","0.0066"
"HC-625","2023-10-30","Human Resources","160","5","0","0.0000"
"HC-626","2023-10-30","Finance","145","2","0","0.0000"
"HC-627","2023-10-30","IT Support","150","2","0","0.0000"
"HC-628","2023-10-30","Quality Control","164","1","0","0.0000"
"HC-629","2023-10-30","Logistics","161","1","0","0.0000"
"HC-630","2023-10-30","Research & Development","158","1","0","0.0000"
"HC-631","2023-11-29","Sales","141","1","0","0.0000"
"HC-632","2023-11-29","Marketing","155","1","1","0.0065"
"HC-633","2023-11-29","Production","156","5","0","0.0000"
"HC-634","2023-11-29","Human Resources","164","4","0","0.0000"
"HC-635","2023-11-29","Finance","146","1","0","0.0000"
"HC-636","2023-11-29","IT Support","152","2","0","0.0000"
"HC-637","2023-11-29","Quality Control","166","3","2","0.0120"
"HC-638","2023-11-29","Logistics","160","1","1","0.0063"
"HC-639","2023-11-29","Research & Development","160","3","1","0.0063"
"HC-640","2023-12-30","Sales","144","4","1","0.0069"
"HC-641","2023-12-30","Marketing","155","0","0","0.0000"
"HC-642","2023-12-30","Production","157","2","1","0.0064"
"HC-643","2023-12-30","Human Resources","165","1","0","0.0000"
"HC-644","2023-12-30","Finance","150","4","0","0.0000"
"HC-645","2023-12-30","IT Support","155","4","0","0.0000"
"HC-646","2023-12-30","Quality Control","168","3","0","0.0000"
"HC-647","2023-12-30","Logistics","162","1","0","0.0000"
"HC-648","2023-12-30","Research & Development","161","1","0","0.0000"
"HC-649","2024-01-30","Sales","146","2","0","0.0000"
"HC-650","2024-01-30","Marketing","158","4","0","0.0000"
"HC-651","2024-01-30","Production","160","3","0","0.0000"
"HC-652","2024-01-30","Human Resources","165","0","0","0.0000"
"HC-653","2024-01-30","Finance","151","1","0","0.0000"
"HC-654","2024-01-30","IT Support","155","0","1","0.0065"
"HC-655","2024-01-30","Quality Control","169","2","2","0.0118"
"HC-656","2024-01-30","Logistics","165","3","0","0.0000"
"HC-657","2024-01-30","Research & Development","165","4","0","0.0000"
"HC-658","2024-02-28","Sales","148","2","0","0.0000"
"HC-659","2024-02-28","Marketing","159","0","0","0.0000"
"HC-660","2024-02-28","Production","160","2","2","0.0125"
"HC-661","2024-02-28","Human Resources","169","4","0","0.0000"
"HC-662","2024-02-28","Finance","150","0","1","0.0067"
"HC-663","2024-02-28","IT Support","157","2","0","0.0000"
"HC-664","2024-02-28","Quality Control","169","1","0","0.0000"
"HC-665","2024-02-28","Logistics","169","4","0","0.0000"
"HC-666","2024-02-28","Research & Development","167","2","0","0.0000"
"HC-667","2024-03-30","Sales","154","6","0","0.0000"
"HC-668","2024-03-30","Marketing","160","1","0","0.0000"
"HC-669","2024-03-30","Production","165","5","0","0.0000"
"HC-670","2024-03-30","Human Resources","173","4","1","0.0058"
"HC-671","2024-03-30","Finance","154","4","0","0.0000"
"HC-672","2024-03-30","IT Support","157","1","1","0.0064"
"HC-673","2024-03-30","Quality Control","171","3","1","0.0058"
"HC-674","2024-03-30","Logistics","170","1","0","0.0000"
"HC-675","2024-03-30","Research & Development","171","4","0","0.0000"
"HC-676","2024-04-29","Sales","158","4","0","0.0000"
"HC-677","2024-04-29","Marketing","161","1","0","0.0000"
"HC-678","2024-04-29","Production","168","3","0","0.0000"
"HC-679","2024-04-29","Human Resources","175","4","1","0.0057"
"HC-680","2024-04-29","Finance","157","3","0","0.0000"
"HC-681","2024-04-29","IT Support","160","3","0","0.0000"
"HC-682","2024-04-29","Quality Control","172","1","0","0.0000"
"HC-683","2024-04-29","Logistics","169","0","1","0.0059"
"HC-684","2024-04-29","Research & Development","169","0","2","0.0118"
"HC-685","2024-05-30","Sales","161","3","0","0.0000"
"HC-686","2024-05-30","Marketing","161","0","0","0.0000"
"HC-687","2024-05-30","Production","172","4","0","0.0000"
"HC-688","2024-05-30","Human Resources","177","2","0","0.0000"
"HC-689","2024-05-30","Finance","159","3","1","0.0063"
"HC-690","2024-05-30","IT Support","164","4","0","0.0000"
"HC-691","2024-05-30","Quality Control","173","1","0","0.0000"
"HC-692","2024-05-30","Logistics","174","5","0","0.0000"
"HC-693","2024-05-30","Research & Development","169","0","0","0.0000"
"HC-694","2024-06-29","Sales","161","0","0","0.0000"
"HC-695","2024-06-29","Marketing","162","1","0","0.0000"
"HC-696","2024-06-29","Production","175","4","1","0.0057"
"HC-697","2024-06-29","Human Resources","179","2","0","0.0000"
"HC-698","2024-06-29","Finance","159","0","0","0.0000"
"HC-699","2024-06-29","IT Support","165","1","0","0.0000"
"HC-700","2024-06-29","Quality Control","177","4","0","0.0000"
"HC-701","2024-06-29","Logistics","175","1","0","0.0000"
"HC-702","2024-06-29","Research & Development","171","2","0","0.0000"
"HC-703","2024-07-30","Sales","165","4","0","0.0000"
"HC-704","2024-07-30","Marketing","162","0","0","0.0000"
"HC-705","2024-07-30","Production","179","5","1","0.0056"
"HC-706","2024-07-30","Human Resources","183","4","0","0.0000"
"HC-707","2024-07-30","Finance","158","0","1","0.0063"
"HC-708","2024-07-30","IT Support","165","0","0","0.0000"
"HC-709","2024-07-30","Quality Control","178","2","1","0.0056"
"HC-710","2024-07-30","Logistics","177","2","0","0.0000"
"HC-711","2024-07-30","Research & Development","174","5","2","0.0115"
"HC-712","2024-08-30","Sales","169","4","0","0.0000"
"HC-713","2024-08-30","Marketing","164","2","0","0.0000"
"HC-714","2024-08-30","Production","180","1","0","0.0000"
"HC-715","2024-08-30","Human Resources","183","0","0","0.0000"
"HC-716","2024-08-30","Finance","162","4","0","0.0000"
"HC-717","2024-08-30","IT Support","167","3","1","0.0060"
"HC-718","2024-08-30","Quality Control","177","1","2","0.0113"
"HC-719","2024-08-30","Logistics","178","1","0","0.0000"
"HC-720","2024-08-30","Research & Development","177","4","1","0.0056"
"HC-721","2024-09-29","Sales","172","3","0","0.0000"
"HC-722","2024-09-29","Marketing","164","0","0","0.0000"
"HC-723","2024-09-29","Production","184","4","0","0.0000"
"HC-724","2024-09-29","Human Resources","185","2","0","0.0000"
"HC-725","2024-09-29","Finance","163","3","1","0.0061"
"HC-726","2024-09-29","IT Support","170","4","2","0.0118"
"HC-727","2024-09-29","Quality Control","180","3","0","0.0000"
"HC-728","2024-09-29","Logistics","181","3","0","0.0000"
"HC-729","2024-09-29","Research & Development","181","4","0","0.0000"
"HC-730","2024-10-30","Sales","177","5","0","0.0000"
"HC-731","2024-10-30","Marketing","166","2","0","0.0000"
"HC-732","2024-10-30","Production","189","6","0","0.0000"
"HC-733","2024-10-30","Human Resources","189","4","0","0.0000"
"HC-734","2024-10-30","Finance","166","2","0","0.0000"
"HC-735","2024-10-30","IT Support","171","2","0","0.0000"
"HC-736","2024-10-30","Quality Control","181","1","0","0.0000"
"HC-737","2024-10-30","Logistics","183","2","0","0.0000"
"HC-738","2024-10-30","Research & Development","184","4","1","0.0054"
"HC-739","2024-11-29","Sales","179","2","0","0.0000"
"HC-740","2024-11-29","Marketing","168","2","0","0.0000"
"HC-741","2024-11-29","Production","191","1","0","0.0000"
"HC-742","2024-11-29","Human Resources","193","4","0","0.0000"
"HC-743","2024-11-29","Finance","166","0","0","0.0000"
"HC-744","2024-11-29","IT Support","172","1","0","0.0000"
"HC-745","2024-11-29","Quality Control","182","1","0","0.0000"
"HC-746","2024-11-29","Logistics","184","1","0","0.0000"
"HC-747","2024-11-29","Research & Development","187","3","0","0.0000"
"HC-748","2024-12-30","Sales","181","2","0","0.0000"
"HC-749","2024-12-30","Marketing","170","3","1","0.0059"
"HC-750","2024-12-30","Production","192","1","0","0.0000"
"HC-751","2024-12-30","Human Resources","194","2","1","0.0052"
"HC-752","2024-12-30","Finance","169","3","0","0.0000"
"HC-753","2024-12-30","IT Support","176","4","0","0.0000"
"HC-754","2024-12-30","Quality Control","183","1","0","0.0000"
"HC-755","2024-12-30","Logistics","185","1","0","0.0000"
"HC-756","2024-12-30","Research & Development","190","3","0","0.0000"
"HC-757","2025-01-30","Sales","182","1","0","0.0000"
"HC-758","2025-01-30","Marketing","170","0","0","0.0000"
"HC-759","2025-01-30","Production","196","4","0","0.0000"
"HC-760","2025-01-30","Human Resources","193","0","1","0.0052"
"HC-761","2025-01-30","Finance","171","2","0","0.0000"
"HC-762","2025-01-30","IT Support","180","4","0","0.0000"
"HC-763","2025-01-30","Quality Control","188","5","0","0.0000"
"HC-764","2025-01-30","Logistics","187","3","0","0.0000"
"HC-765","2025-01-30","Research & Development","193","3","0","0.0000"
"HC-766","2025-02-27","Sales","185","3","0","0.0000"
"HC-767","2025-02-27","Marketing","170","0","0","0.0000"
"HC-768","2025-02-27","Production","197","3","2","0.0102"
"HC-769","2025-02-27","Human Resources","194","2","1","0.0052"
"HC-770","2025-02-27","Finance","174","3","0","0.0000"
"HC-771","2025-02-27","IT Support","182","3","1","0.0055"
"HC-772","2025-02-27","Quality Control","191","4","1","0.0052"
"HC-773","2025-02-27","Logistics","191","3","0","0.0000"
"HC-774","2025-02-27","Research & Development","195","2","0","0.0000"
"HC-775","2025-03-30","Sales","188","4","1","0.0053"
"HC-776","2025-03-30","Marketing","171","2","1","0.0058"
"HC-777","2025-03-30","Production","199","2","0","0.0000"
"HC-778","2025-03-30","Human Resources","194","2","2","0.0103"
"HC-779","2025-03-30","Finance","174","0","0","0.0000"
"HC-780","2025-03-30","IT Support","184","2","0","0.0000"
"HC-781","2025-03-30","Quality Control","192","1","0","0.0000"
"HC-782","2025-03-30","Logistics","192","1","0","0.0000"
"HC-783","2025-03-30","Research & Development","197","2","0","0.0000"
"HC-784","2025-04-29","Sales","189","2","1","0.0053"
"HC-785","2025-04-29","Marketing","173","2","0","0.0000"
"HC-786","2025-04-29","Production","201","3","0","0.0000"
"HC-787","2025-04-29","Human Resources","200","6","0","0.0000"
"HC-788","2025-04-29","Finance","174","0","0","0.0000"
"HC-789","2025-04-29","IT Support","185","3","2","0.0108"
"HC-790","2025-04-29","Quality Control","193","2","2","0.0104"
"HC-791","2025-04-29","Logistics","194","2","0","0.0000"
"HC-792","2025-04-29","Research & Development","199","2","0","0.0000"
"HC-793","2025-05-30","Sales","191","3","1","0.0052"
"HC-794","2025-05-30","Marketing","176","4","0","0.0000"
"HC-795","2025-05-30","Production","204","3","1","0.0049"
"HC-796","2025-05-30","Human Resources","201","1","0","0.0000"
"HC-797","2025-05-30","Finance","175","1","0","0.0000"
"HC-798","2025-05-30","IT Support","185","2","2","0.0108"
"HC-799","2025-05-30","Quality Control","193","2","1","0.0052"
"HC-800","2025-05-30","Logistics","194","0","0","0.0000"
"HC-801","2025-05-30","Research & Development","200","1","0","0.0000"
"HC-802","2025-06-29","Sales","196","6","0","0.0000"
"HC-803","2025-06-29","Marketing","179","2","0","0.0000"
"HC-804","2025-06-29","Production","208","4","0","0.0000"
"HC-805","2025-06-29","Human Resources","202","1","0","0.0000"
"HC-806","2025-06-29","Finance","177","3","1","0.0056"
"HC-807","2025-06-29","IT Support","186","1","0","0.0000"
"HC-808","2025-06-29","Quality Control","194","1","0","0.0000"
"HC-809","2025-06-29","Logistics","197","3","0","0.0000"
"HC-810","2025-06-29","Research & Development","201","1","0","0.0000"
"HC-811","2025-07-30","Sales","199","2","0","0.0000"
"HC-812","2025-07-30","Marketing","183","4","0","0.0000"
"HC-813","2025-07-30","Production","211","3","0","0.0000"
"HC-814","2025-07-30","Human Resources","203","1","0","0.0000"
"HC-815","2025-07-30","Finance","179","2","0","0.0000"
"HC-816","2025-07-30","IT Support","187","2","0","0.0000"
"HC-817","2025-07-30","Quality Control","198","5","1","0.0051"
"HC-818","2025-07-30","Logistics","198","1","0","0.0000"
"HC-819","2025-07-30","Research & Development","205","4","0","0.0000"
"HC-820","2025-08-30","Sales","200","1","0","0.0000"
"HC-821","2025-08-30","Marketing","186","4","0","0.0000"
"HC-822","2025-08-30","Production","212","1","0","0.0000"
"HC-823","2025-08-30","Human Resources","204","2","1","0.0049"
"HC-824","2025-08-30","Finance","181","2","0","0.0000"
"HC-825","2025-08-30","IT Support","189","2","1","0.0053"
"HC-826","2025-08-30","Quality Control","200","2","0","0.0000"
"HC-827","2025-08-30","Logistics","199","2","1","0.0050"
"HC-828","2025-08-30","Research & Development","208","3","0","0.0000"
"HC-829","2025-09-29","Sales","201","1","0","0.0000"
"HC-830","2025-09-29","Marketing","189","2","0","0.0000"
"HC-831","2025-09-29","Production","212","2","2","0.0094"
"HC-832","2025-09-29","Human Resources","206","2","0","0.0000"
"HC-833","2025-09-29","Finance","183","2","0","0.0000"
"HC-834","2025-09-29","IT Support","189","0","0","0.0000"
"HC-835","2025-09-29","Quality Control","204","4","0","0.0000"
"HC-836","2025-09-29","Logistics","200","1","0","0.0000"
"HC-837","2025-09-29","Research & Development","210","3","0","0.0000"
"HC-838","2025-10-30","Sales","204","3","0","0.0000"
"HC-839","2025-10-30","Marketing","191","3","1","0.0052"
"HC-840","2025-10-30","Production","213","2","1","0.0047"
"HC-841","2025-10-30","Human Resources","209","3","0","0.0000"
"HC-842","2025-10-30","Finance","184","1","0","0.0000"
"HC-843","2025-10-30","IT Support","189","2","2","0.0106"
"HC-844","2025-10-30","Quality Control","205","1","0","0.0000"
"HC-845","2025-10-30","Logistics","205","5","0","0.0000"
"HC-846","2025-10-30","Research & Development","212","1","0","0.0000"